{"cameraMode":{"drawMode":0,"name":"Shaded","section":"Shading Mode"},"sceneLighting":true,"audioPlay":false,"sceneViewState":{"m_AlwaysRefresh":false,"showFog":true,"showSkybox":true,"showFlares":true,"showImageEffects":true,"showParticleSystems":true,"showVisualEffectGraphs":true,"m_FxEnabled":true},"in2DMode":false,"pivot":{"x":-1.1084599494934083,"y":6.302353382110596,"z":0.48328495025634768},"rotation":{"x":0.02466854825615883,"y":0.544228732585907,"z":0.01596861146390438,"w":-0.8384776711463928},"size":4.376624584197998,"orthographic":false}