{"cameraMode":{"drawMode":0,"name":"Shaded","section":"Shading Mode"},"sceneLighting":true,"audioPlay":false,"sceneViewState":{"m_AlwaysRefresh":false,"showFog":true,"showSkybox":true,"showFlares":true,"showImageEffects":true,"showParticleSystems":true,"showVisualEffectGraphs":true,"m_FxEnabled":true},"in2DMode":false,"pivot":{"x":-6.24954891204834,"y":6.4843621253967289,"z":9.121949195861817},"rotation":{"x":0.02762877196073532,"y":-0.2824951410293579,"z":0.008156467229127884,"w":0.9588661193847656},"size":12.500039100646973,"orthographic":false}