{"cameraMode":{"drawMode":0,"name":"Shaded","section":"Shading Mode"},"sceneLighting":true,"audioPlay":false,"sceneViewState":{"m_AlwaysRefresh":false,"showFog":true,"showSkybox":true,"showFlares":true,"showImageEffects":true,"showParticleSystems":true,"showVisualEffectGraphs":true,"m_FxEnabled":true},"in2DMode":false,"pivot":{"x":2.3635103702545168,"y":6.765061378479004,"z":-35.91716766357422},"rotation":{"x":0.0010230233892798424,"y":0.998904287815094,"z":-0.02428779937326908,"w":0.040799330919981},"size":12.500039100646973,"orthographic":false}